Article_Title,Year,Description,Revue,Volume,Number,Pages
"Evapotranspiration components determined by stable isotope, sap flow and eddy covariance techniques",2004,"Agricultural and forest meteorology 125 (3-4), 241-258, 2004",Agricultural and forest meteorology,125,34,241258
"Monitoring wheat phenology and irrigation in Central Morocco: On the use of relationships between evapotranspiration, crops coefficients, leaf area index and remotely-sensed …",2006,"Agricultural Water Management 79 (1), 1-27, 2006",Agricultural Water Management,79,1,127
Combining FAO-56 model and ground-based remote sensing to estimate water consumptions of wheat crops in a semi-arid region,2007,"Agricultural water management 87 (1), 41-54, 2007",Agricultural water management,87,1,4154
The use of high‐resolution image time series for crop classification and evapotranspiration estimate over an irrigated area in central Morocco,2008,"International Journal of Remote Sensing 29 (1), 95-116, 2008",International Journal of Remote Sensing,29,1,95116
"Performance assessment of AquaCrop model for estimating evapotranspiration, soil water content and grain yield of winter wheat in Tensift Al Haouz (Morocco): Application to …",2016,"Agricultural Water Management 163, 219-235, 2016",Agricultural Water Management,163,,219235
Retrieving surface soil moisture at high spatio-temporal resolution from a synergy between Sentinel-1 radar and Landsat thermal data: A study case over bare soil,2018,"Remote sensing of environment 211, 321-337, 2018",Remote sensing of environment,211,,321337
Using the dual approach of FAO-56 for partitioning ET into soil and plant components for olive orchards in a semi-arid region,2010,"Agricultural water management 97 (11), 1769-1778, 2010",Agricultural water management,97,11,17691778
An integrated modelling and remote sensing approach for hydrological study in arid and semi‐arid regions: the SUDMED Programme,2008,"International Journal of Remote Sensing 29 (17-18), 5161-5181, 2008",International Journal of Remote Sensing,29,1718,51615181
Assessment of reference evapotranspiration methods in semi-arid regions: can weather forecast data be used as alternate of ground meteorological parameters?,2010,"Journal of Arid Environments 74 (12), 1587-1596, 2010",Journal of Arid Environments,74,12,15871596
Combining satellite remote sensing data with the FAO-56 dual approach for water use mapping in irrigated wheat fields of a semi-arid region,2010,"Remote Sensing 2 (1), 375-387, 2010",Remote Sensing,2,1,375387
Water use efficiency and yield of winter wheat under different irrigation regimes in a semi-arid region,2011,"Agricultural Sciences in China 2 (03), 273-282, 2011",Agricultural Sciences in China,2,03,273282
Intercomparison of four remote-sensing-based energy balance methods to retrieve surface evapotranspiration and water stress of irrigated fields in semi-arid climate,2014,"Hydrology and earth system sciences 18 (3), 1165-1188, 2014",Hydrology and earth system sciences,18,3,11651188
Improvement of FAO-56 method for olive orchards through sequential assimilation of thermal infrared-based estimates of ET,2008,"Agricultural Water Management 95 (3), 309-321, 2008",Agricultural Water Management,95,3,309321
The use of the scintillation technique for monitoring seasonal water consumption of olive orchards in a semi-arid region,2007,"Agricultural Water Management 89 (3), 173-184, 2007",Agricultural Water Management,89,3,173184
Assessing the impact of global climate changes on irrigated wheat yields and water requirements in a semi-arid environment of Morocco,2019,"Scientific reports 9 (1), 19142, 2019",Scientific reports,9,1,19142
Remote sensing of water resources in semi-arid Mediterranean areas: The joint international laboratory TREMA,2015,"International Journal of Remote Sensing 36 (19-20), 4879-4917, 2015",International Journal of Remote Sensing,36,1920,48794917
Performance metrics for soil moisture downscaling methods: Application to DISPATCH data in central Morocco,2015,"Remote sensing 7 (4), 3783-3807, 2015",Remote sensing,7,4,37833807
Determination of crop evapotranspiration of table grapes in a semi-arid region of Northwest Mexico using multi-spectral vegetation index,2013,"Agricultural water management 122, 12-19, 2013",Agricultural water management,122,,1219
Evaluation of backscattering models and support vector machine for the retrieval of bare soil moisture from Sentinel-1 data,2019,"Remote Sensing 12 (1), 72, 2019",Remote Sensing,12,1,72
Modeling soil evaporation efficiency in a range of soil and atmospheric conditions using a meta‐analysis approach,2016,"Water Resources Research 52 (5), 3663-3684, 2016",Water Resources Research,52,5,36633684
Preparation and characterization of pyrolytic spray deposited electrochromic tungsten trioxide films,2000,"Thin solid films 358 (1-2), 40-45, 2000",Thin solid films,358,12,4045
Pyrolysis of the Moroccan (Tarfaya) oil shales under microwave irradiation,2000,"Fuel 79 (7), 733-742, 2000",Fuel,79,7,733742
Corrosion inhibition of Armco iron by 2-mercaptobenzimidazole in sodium chloride 3% media,2007,"Corrosion Science 49 (7), 2936-2945, 2007",Corrosion Science,49,7,29362945
Electrochromism in sputtered V2O5 thin films: structural and optical studies,2002,"Thin Solid Films 405 (1-2), 11-16, 2002",Thin Solid Films,405,12,1116
Study of ZnTe thin films deposited by rf sputtering,2001,"Thin Solid Films 382 (1-2), 30-33, 2001",Thin Solid Films,382,12,3033
Optical characterization of low optical thickness thin films from transmittance and back reflectance measurements,2000,"thin solid films 372 (1-2), 149-155, 2000",thin solid films,372,12,149155
Effect of pH on distribution and adhesion of Staphylococcus aureus to glass,2005,"Journal of adhesion science and technology 19 (1), 73-85, 2005",Journal of adhesion science and technology,19,1,7385
Experimental investigation and modeling of the thermal behavior of a solar PV module,2018,"Solar Energy Materials and Solar Cells 180, 271-279, 2018",Solar Energy Materials and Solar Cells,180,,271279
Electrical and optical properties of WO3 thin films,2001,"Thin Solid Films 397 (1-2), 238-243, 2001",Thin Solid Films,397,12,238243
Simulation of PV–Wind-hybrid systems combined with hydrogen storage for rural electrification,2011,"International journal of hydrogen energy 36 (6), 4185-4197, 2011",International journal of hydrogen energy,36,6,41854197
Fabrication and characterization of Ba1− xSr1− xTiO3 tunable thin film capacitors,1995,"Thin Solid Films 259 (2), 218-224, 1995",Thin Solid Films,259,2,218224
"Structural, Optical and Electrochromic Properties of Sol–Gel  Thin Films",2003,"Active and passive electronic components 26, 245-256, 2003",Active and passive electronic components,26,,245256
Tunability of the dielectric constant of Ba0. 1Sr0. 9TiO3 ceramics in the paraelectric state,1995,"Journal of materials research 10 (6), 1411-1417, 1995",Journal of materials research,10,6,14111417
Characterization of hydrothermally prepared BaTi1− xZrxO3,2002,"Journal of alloys and compounds 340 (1-2), 214-219, 2002",Journal of alloys and compounds,340,12,214219
Effect of deposition and annealing parameters on the properties of electrodeposited CuIn1− xGaxSe2 thin films,2005,"Thin Solid Films 488 (1-2), 62-67, 2005",Thin Solid Films,488,12,6267
Performance parameters of a standalone PV plant,2014,"Energy conversion and management 86, 490-495, 2014",Energy conversion and management,86,,490495
Electrochromic effect in WO3 thin films prepared by spray pyrolysis,2003,"Solar energy materials and solar cells 77 (4), 341-350, 2003",Solar energy materials and solar cells,77,4,341350
Chemical composition of essential oil of Jatropha curcas L. leaves and its antioxidant and antimicrobial activities,2018,"Industrial crops and products 121, 405-410, 2018",Industrial crops and products,121,,405410
Influence of the counter ion on the properties of poly (o-toluidine) thin films and their Schottky diodes,2009,"Synthetic Metals 159 (3-4), 292-297, 2009",Synthetic Metals,159,34,292297
"Comparative study of sputtered and electrodeposited CI (S, Se) and CIGSe thin films",2007,"Thin Solid Films 515 (15), 5852-5856, 2007",Thin Solid Films,515,15,58525856
"Monitoring wheat phenology and irrigation in Central Morocco: On the use of relationships between evapotranspiration, crops coefficients, leaf area index and remotely-sensed …",2006,"Agricultural Water Management 79 (1), 1-27, 2006",Agricultural Water Management,79,1,127
Combining FAO-56 model and ground-based remote sensing to estimate water consumptions of wheat crops in a semi-arid region,2007,"Agricultural water management 87 (1), 41-54, 2007",Agricultural water management,87,1,4154
Near real-time agriculture monitoring at national scale at parcel resolution: Performance assessment of the Sen2-Agri automated system in various cropping systems around the world,2019,"Remote sensing of environment 221, 551-568, 2019",Remote sensing of environment,221,,551568
OZCAR: The French Network of Critical Zone Observatories,2018,"Vadose Zone Journal 17 (1), 1-24, 2018",Vadose Zone Journal,17,1,124
"Performance assessment of AquaCrop model for estimating evapotranspiration, soil water content and grain yield of winter wheat in Tensift Al Haouz (Morocco): Application to …",2016,"Agricultural Water Management 163, 219-235, 2016",Agricultural Water Management,163,,219235
Deriving daily evapotranspiration from remotely sensed instantaneous evaporative fraction over olive orchard in semi-arid Morocco,2008,"Journal of Hydrology 354 (1-4), 53-64, 2008",Journal of Hydrology,354,14,5364
An integrated modelling and remote sensing approach for hydrological study in arid and semi‐arid regions: the SUDMED Programme,2008,"International Journal of Remote Sensing 29 (17-18), 5161-5181, 2008",International Journal of Remote Sensing,29,1718,51615181
Intercomparison of four remote-sensing-based energy balance methods to retrieve surface evapotranspiration and water stress of irrigated fields in semi-arid climate,2014,"Hydrology and earth system sciences 18 (3), 1165-1188, 2014",Hydrology and earth system sciences,18,3,11651188
Improvement of FAO-56 method for olive orchards through sequential assimilation of thermal infrared-based estimates of ET,2008,"Agricultural Water Management 95 (3), 309-321, 2008",Agricultural Water Management,95,3,309321
Comparison of large aperture scintillometer and eddy covariance measurements: Can thermal infrared data be used to capture footprint-induced differences?,2007,"Journal of Hydrometeorology 8 (2), 144-159, 2007",Journal of Hydrometeorology,8,2,144159
The use of the scintillation technique for monitoring seasonal water consumption of olive orchards in a semi-arid region,2007,"Agricultural Water Management 89 (3), 173-184, 2007",Agricultural Water Management,89,3,173184
Remote sensing of water resources in semi-arid Mediterranean areas: The joint international laboratory TREMA,2015,"International Journal of Remote Sensing 36 (19-20), 4879-4917, 2015",International Journal of Remote Sensing,36,1920,48794917
Evaluation of backscattering models and support vector machine for the retrieval of bare soil moisture from Sentinel-1 data,2019,"Remote Sensing 12 (1), 72, 2019",Remote Sensing,12,1,72
Monitoring water stress using time series of observed to unstressed surface temperature difference,2007,"Agricultural and Forest Meteorology 146 (3-4), 159-172, 2007",Agricultural and Forest Meteorology,146,34,159172
Impact of sowing date on yield and water use efficiency of wheat analyzed through spatial modeling and FORMOSAT-2 images,2015,"Remote Sensing 7 (5), 5951-5979, 2015",Remote Sensing,7,5,59515979
Modeling soil evaporation efficiency in a range of soil and atmospheric conditions using a meta‐analysis approach,2016,"Water Resources Research 52 (5), 3663-3684, 2016",Water Resources Research,52,5,36633684
"Partitioning evapotranspiration of a drip-irrigated wheat crop: Inter-comparing eddy covariance-, sap flow-, lysimeter-and FAO-based methods",2019,"Agricultural and forest meteorology 265, 310-326, 2019",Agricultural and forest meteorology,265,,310326
Citrus orchard evapotranspiration: comparison between eddy covariance measurements and the FAO-56 approach estimates,2009,"Plant Biosystems 143 (1), 201-208, 2009",Plant Biosystems,143,1,201208
"Combining stable isotopes, Eddy Covariance system and meteorological measurements for partitioning evapotranspiration, of winter wheat, into soil evaporation and plant …",2016,"Agricultural Water Management 177, 181-192, 2016",Agricultural Water Management,177,,181192
Combining scintillometer measurements and an aggregation scheme to estimate area-averaged latent heat flux during the AMMA experiment,2009,"Journal of Hydrology 375 (1-2), 217-226, 2009",Journal of Hydrology,375,12,217226
Low cost biosorbent “banana peel” for the removal of phenolic compounds from olive mill wastewater: Kinetic and equilibrium studies,2009,"Journal of hazardous materials 166 (1), 117-125, 2009",Journal of hazardous materials,166,1,117125
Treatment of highly concentrated tannery wastewater using electrocoagulation: Influence of the quality of aluminium used for the electrode,2016,"Journal of Hazardous Materials 319, 69-77, 2016",Journal of Hazardous Materials,319,,6977
Heavy metal contamination from mining sites in South Morocco: monitoring metal content and toxicity of soil runoff and groundwater,2008,"Environmental monitoring and assessment 136, 147-160, 2008",Environmental monitoring and assessment,136,,147160
Removal of organic pollutants and nutrients from olive mill wastewater by a sand filter,2009,"Journal of environmental management 90 (8), 2771-2779, 2009",Journal of environmental management,90,8,27712779
Removal of Cr (III) from chrome tanning wastewater by adsorption using two natural carbonaceous materials: Eggshell and powdered marble,2016,"Journal of environmental management 166, 589-595, 2016",Journal of environmental management,166,,589595
Accumulation of heavy metals in metallophytes from three mining sites (Southern Centre Morocco) and evaluation of their phytoremediation potential,2019,"Ecotoxicology and Environmental Safety 169, 150-160, 2019",Ecotoxicology and Environmental Safety,169,,150160
Reuse of urban wastewater treated by a combined stabilisation pond system in Benslimane (Morocco),2002,"Urban water 4 (4), 373-378, 2002",Urban water,4,4,373378
Domestic wastewater disinfection by combined treatment using multi-soil-layering system and sand filters (MSL–SF): A laboratory pilot study,2016,"Ecological Engineering 91, 294-301, 2016",Ecological Engineering,91,,294301
Soil properties and agro-physiological responses of alfalfa (Medicago sativa L.) irrigated by treated domestic wastewater,2018,"Agricultural water management 202, 231-240, 2018",Agricultural water management,202,,231240
Caractérisation des margines issues d’une huilerie moderne et essais de leur traitement par coagulation-floculation par la chaux et le sulfate d’aluminium.,2008,"Revue des Sciences de l'Eau 21 (1), 53-67, 2008",Revue des Sciences de l'Eau,21,1,5367
Application of constructed wetlands for domestic wastewater treatment in an arid climate,1998,"Water Science and Technology 38 (1), 379-387, 1998",Water Science and Technology,38,1,379387
Detoxification of olive mill wastewaters by Moroccan yeast isolates,2008,"Biodegradation 19, 337-346, 2008",Biodegradation,19,,337346
Phytoremediation of domestic wastewater using a hybrid constructed wetland in mountainous rural area,2018,"International Journal of Phytoremediation 20 (1), 75-87, 2018",International Journal of Phytoremediation,20,1,7587
Two-stage vertical flow multi-soil-layering (MSL) technology for efficient removal of coliforms and human pathogens from domestic wastewater in rural areas under arid climate,2018,"International journal of hygiene and environmental health 221 (1), 64-80, 2018",International journal of hygiene and environmental health,221,1,6480
Removal of phenolic compounds from olive mill wastewater by adsorption onto wheat bran,2014,"Desalination and Water Treatment 52 (13-15), 2875-2885, 2014",Desalination and Water Treatment,52,1315,28752885
Wastewater treatment by stabilization pond: Marrakesh experiment,1995,"Water Science and Technology 31 (12), 75-80, 1995",Water Science and Technology,31,12,7580
Composites with alginate beads: A novel design of nano-adsorbents impregnation for large-scale continuous flow wastewater treatment pilots,2020,"Saudi Journal of Biological Sciences 27 (10), 2499-2508, 2020",Saudi Journal of Biological Sciences,27,10,24992508
Reuse study of sustainable wastewater in agroforestry domain of Marrakesh city,2019,"Journal of the Saudi Society of Agricultural Sciences 18 (3), 288-293, 2019",Journal of the Saudi Society of Agricultural Sciences,18,3,288293
Impact of fertilization by natural manure on the microbial quality of soil: molecular approach,2017,"Saudi journal of biological sciences 24 (6), 1437-1443, 2017",Saudi journal of biological sciences,24,6,14371443
Wastewater treatment by stabilization ponds with and without macrophytes under arid climate,1993,"Water Science and Technology 28 (10), 177-181, 1993",Water Science and Technology,28,10,177181
"Monitoring wheat phenology and irrigation in Central Morocco: On the use of relationships between evapotranspiration, crops coefficients, leaf area index and remotely-sensed …",2006,"Agricultural Water Management 79 (1), 1-27, 2006",Agricultural Water Management,79,1,127
"Performance assessment of AquaCrop model for estimating evapotranspiration, soil water content and grain yield of winter wheat in Tensift Al Haouz (Morocco): Application to …",2016,"Agricultural Water Management 163, 219-235, 2016",Agricultural Water Management,163,,219235
Retrieving surface soil moisture at high spatio-temporal resolution from a synergy between Sentinel-1 radar and Landsat thermal data: A study case over bare soil,2018,"Remote sensing of environment 211, 321-337, 2018",Remote sensing of environment,211,,321337
Assessment of reference evapotranspiration methods in semi-arid regions: can weather forecast data be used as alternate of ground meteorological parameters?,2010,"Journal of Arid Environments 74 (12), 1587-1596, 2010",Journal of Arid Environments,74,12,15871596
An integrated modelling and remote sensing approach for hydrological study in arid and semi‐arid regions: the SUDMED Programme,2008,"International Journal of Remote Sensing 29 (17-18), 5161-5181, 2008",International Journal of Remote Sensing,29,1718,51615181
Assessing the impact of global climate changes on irrigated wheat yields and water requirements in a semi-arid environment of Morocco,2019,"Scientific reports 9 (1), 19142, 2019",Scientific reports,9,1,19142
Remote sensing of water resources in semi-arid Mediterranean areas: The joint international laboratory TREMA,2015,"International Journal of Remote Sensing 36 (19-20), 4879-4917, 2015",International Journal of Remote Sensing,36,1920,48794917
Normalizing land surface temperature data for elevation and illumination effects in mountainous areas: A case study using ASTER data over a steep-sided valley in Morocco,2017,"Remote Sensing of Environment 189, 25-39, 2017",Remote Sensing of Environment,189,,2539
Performance metrics for soil moisture downscaling methods: Application to DISPATCH data in central Morocco,2015,"Remote sensing 7 (4), 3783-3807, 2015",Remote sensing,7,4,37833807
Evaluation of backscattering models and support vector machine for the retrieval of bare soil moisture from Sentinel-1 data,2019,"Remote Sensing 12 (1), 72, 2019",Remote Sensing,12,1,72
Modeling soil evaporation efficiency in a range of soil and atmospheric conditions using a meta‐analysis approach,2016,"Water Resources Research 52 (5), 3663-3684, 2016",Water Resources Research,52,5,36633684
Monitoring of irrigated wheat in a semi‐arid climate using crop modelling and remote sensing data: Impact of satellite revisit time frequency,2006,"International Journal of Remote Sensing 27 (6), 1093-1117, 2006",International Journal of Remote Sensing,27,6,10931117
"Partitioning evapotranspiration of a drip-irrigated wheat crop: Inter-comparing eddy covariance-, sap flow-, lysimeter-and FAO-based methods",2019,"Agricultural and forest meteorology 265, 310-326, 2019",Agricultural and forest meteorology,265,,310326
Citrus orchard evapotranspiration: comparison between eddy covariance measurements and the FAO-56 approach estimates,2009,"Plant Biosystems 143 (1), 201-208, 2009",Plant Biosystems,143,1,201208
"Combining stable isotopes, Eddy Covariance system and meteorological measurements for partitioning evapotranspiration, of winter wheat, into soil evaporation and plant …",2016,"Agricultural Water Management 177, 181-192, 2016",Agricultural Water Management,177,,181192
Monitoring of wheat crops using the backscattering coefficient and the interferometric coherence derived from Sentinel-1 in semi-arid areas,2020,"Remote Sensing of Environment 251, 112050, 2020",Remote Sensing of Environment,251,,112050
"Assessment of equity and adequacy of water delivery in irrigation systems using remote sensing-based indicators in semi-arid region, Morocco",2013,"Water resources management 27, 4697-4714, 2013",Water resources management,27,,46974714
Potentiality of optical and radar satellite data at high spatio-temporal resolutions for the monitoring of irrigated wheat crops in Morocco,2010,"International Journal of Applied Earth Observation and Geoinformation 12 …, 2010",International Journal of Applied Earth Observation and Geoinformation,12,,
Performance of the two-source energy budget (TSEB) model for the monitoring of evapotranspiration over irrigated annual crops in North Africa,2017,"Agricultural Water Management 193, 71-88, 2017",Agricultural Water Management,193,,7188
A new irrigation priority index based on remote sensing data for assessing the networks irrigation scheduling,2013,"Agricultural Water Management 119, 1-9, 2013",Agricultural Water Management,119,,19
Toward a mathematical theory of Keller–Segel models of pattern formation in biological tissues,2015,"Mathematical Models and Methods in Applied Sciences 25 (09), 1663-1763, 2015",Mathematical Models and Methods in Applied Sciences,25,09,16631763
Multiscale biological tissue models and flux-limited chemotaxis for multicellular growing systems,2010,"Mathematical Models and Methods in Applied Sciences 20 (07), 1179-1207, 2010",Mathematical Models and Methods in Applied Sciences,20,07,11791207
Mathematical modeling of complex biological systems,2006,"Birkhũser Boston, 2006","Birkhũser Boston,",,,
Mathematical topics on the modelling complex multicellular systems and tumor immune cells competition,2004,"Mathematical Models and Methods in Applied Sciences 14 (11), 1683-1733, 2004",Mathematical Models and Methods in Applied Sciences,14,11,16831733
On the asymptotic theory from microscopic to macroscopic growing tissue models: An overview with perspectives,2012,"Mathematical Models and Methods in Applied Sciences 22 (01), 1130001, 2012",Mathematical Models and Methods in Applied Sciences,22,01,1130001
Mathematical methods and tools of kinetic theory towards modelling complex biological systems,2005,"Mathematical models and methods in applied sciences 15 (11), 1639-1666, 2005",Mathematical models and methods in applied sciences,15,11,16391666
Multicellular biological growing systems: Hyperbolic limits towards macroscopic description,2007,"Mathematical Models and Methods in Applied Sciences 17 (supp01), 1675-1692, 2007",Mathematical Models and Methods in Applied Sciences,17,01,16751692
From the microscale to collective crowd dynamics,2013,"Multiscale Modeling & Simulation 11 (3), 943-963, 2013",Multiscale Modeling & Simulation,11,3,943963
From the modeling of the immune hallmarks of cancer to a black swan in biology,2013,"Mathematical Models and Methods in Applied Sciences 23 (05), 949-978, 2013",Mathematical Models and Methods in Applied Sciences,23,05,949978
From a multiscale derivation of nonlinear cross-diffusion models to Keller–Segel models in a Navier–Stokes fluid,2016,"Mathematical Models and Methods in Applied Sciences 26 (11), 2041-2069, 2016",Mathematical Models and Methods in Applied Sciences,26,11,20412069
Towards the modeling of vehicular traffic as a complex system: A kinetic theory approach,2012,"Mathematical models and methods in applied sciences 22 (supp01), 1140003, 2012",Mathematical models and methods in applied sciences,22,01,1140003
Modelling Complex Multicellular Systems-A Kinetic Theory Approach,2006,"Birkäuser, Boston, 2006","Birkäuser, Boston,",,,
On multiscale models of pedestrian crowds from mesoscopic to macroscopic,2015,"Communications in Mathematical Sciences 13 (7), 1649-1664, 2015",Communications in Mathematical Sciences,13,7,16491664
A quest towards a mathematical theory of living systems,2017,"Springer International Publishing, 2017","Springer International Publishing,",,,
ON THE MULTISCALE MODELING OF VEHICULAR TRAFFIC: FROM KINETIC TO HYDRODYNAMICS.,2014,"Discrete & Continuous Dynamical Systems-Series B 19 (7), 2014",Discrete & Continuous Dynamical Systems-Series B,19,7,
On the modeling of crowd dynamics: Looking at the beautiful shapes of swarms.,2011,"Networks Heterog. Media 6 (3), 383-399, 2011",Networks Heterog. Media,6,3,383399
M. Winkler Toward a mathematical theory of Keller-Segel models of pattern formation in biological tissues,2015,"Math. Models Methods Appl. Sci 25 (9), 1663-1763, 2015",Math. Models Methods Appl. Sci,25,9,16631763
On the onset of non-linearity for diffusion models of binary mixtures of biological materials by asymptotic analysis,2006,"International Journal of Non-Linear Mechanics 41 (2), 281-293, 2006",International Journal of Non-Linear Mechanics,41,2,281293
From kinetic models of multicellular growing systems to macroscopic biological tissue models,2011,"Nonlinear Analysis: Real World Applications 12 (2), 1111-1122, 2011",Nonlinear Analysis: Real World Applications,12,2,11111122
From a class of kinetic models to the macroscopic equations for multicellular systems in biology,2004,"DISCRETE AND CONTINUOUS DYNAMICAL SYSTEMS SERIES B 4 (1), 59-80, 2004",DISCRETE AND CONTINUOUS DYNAMICAL SYSTEMS SERIES B,4,1,5980
The south-western branch of the Variscan Belt: evidence from Morocco,2010,"Tectonophysics 492 (1-4), 1-24, 2010",Tectonophysics,492,14,124
The pan-african belt,2008,"Continental Evolution: The Geology of Morocco: Structure, Stratigraphy, and …, 2008","Continental Evolution: The Geology of Morocco: Structure, Stratigraphy, and …,",,,
The moroccan hercynides,2005,"Journal of African Earth Sciences 43 (1-3), 144-165, 2005",Journal of African Earth Sciences,43,13,144165
The variscan belt,2008,"Continental Evolution: The Geology of Morocco: Structure, Stratigraphy, and …, 2008","Continental Evolution: The Geology of Morocco: Structure, Stratigraphy, and …,",,,
Tectonics of the anti-Atlas of Morocco,2006,"Comptes Rendus Geoscience 338 (1-2), 11-24, 2006",Comptes Rendus Geoscience,338,12,1124
"The 1750 Ma magmatic event of the west African craton (Anti-Atlas, Morocco)",2013,"Precambrian Research 236, 106-123, 2013",Precambrian Research,236,,106123
L’extension continentale au Néo-Protérozoïque supérieur-Cambrien inférieur dans l’Anti-Atlas (Maroc),2003,"Bull. Soc. géol. France 174 (1), 83-92, 2003",Bull. Soc. géol. France,174,1,8392
"A reconsideration of Pan African orogenic cycle in the Anti-Atlas Mountains, Morocco",2014,"Journal of African Earth Sciences 98, 34-46, 2014",Journal of African Earth Sciences,98,,3446
"U–Pb baddeleyite and zircon ages of 2040 Ma, 1650 Ma and 885 Ma on dolerites in the West African Craton (Anti-Atlas inliers): possible links to break-up of Precambrian …",2013,"Lithos 174, 71-84, 2013",Lithos,174,,7184
Geochronological constraints on the polycyclic magmatism in the Bou Azzer-El Graara inlier (central Anti-Atlas Morocco),2014,"Journal of African Earth Sciences 99, 287-306, 2014",Journal of African Earth Sciences,99,,287306
Late Ediacaran–Cambrian structures and their reactivation during the Variscan and Alpine cycles in the Anti-Atlas (Morocco),2014,"Journal of African Earth Sciences 98, 94-112, 2014",Journal of African Earth Sciences,98,,94112
U–Pb baddeleyite ages and geochemistry of dolerite dykes in the Bas Drâa Inlier of the Anti-Atlas of Morocco: newly identified 1380 Ma event in the West African Craton,2013,"Lithos 174, 85-98, 2013",Lithos,174,,8598
Reply to Comment on “U–Pb baddeleyite ages and geochemistry of dolerite dykes in the Bas-Drâa inlier of the Anti-Atlas of Morocco: Newly identified 1380 Ma event in the West …,2013,"Lithos 174, 101-108, 2013",Lithos,174,,101108
The Anti-Atlas chain (Morocco): the southern margin of the Variscan belt along the edge of the West African Craton,2008,"Geological Society, London, Special Publications 297 (1), 433-452, 2008","Geological Society, London, Special Publications",297,1,433452
The anti-atlas pan-african belt (Morocco): Overview and pending questions,2018,"Comptes Rendus Geoscience 350 (6), 279-288, 2018",Comptes Rendus Geoscience,350,6,279288
"Les conglomérats du P III (Néoprotérozoïque supérieur) de l'Anti Atlas (Sud du Maroc): molasses panafricaines, ou marqueurs d'un rifting fini-protérozoïque?",1999,"Comptes Rendus de l'Académie des Sciences-Series IIA-Earth and Planetary …, 1999","Comptes Rendus de l'Académie des Sciences-Series IIA-Earth and Planetary …,",,,
"Déformation hercynienne et relation socle/couverture dans le domaine du Bas-Drâa (Anti-Atlas occidental, Maroc)",1997,"Journal of African Earth Sciences 24 (3), 271-284, 1997",Journal of African Earth Sciences,24,3,271284
"New geochemical, geochronological and structural constraints on the Ediacaran evolution of the south Sirwa, Agadir-Melloul and Iguerda inliers, Anti-Atlas, Morocco",2014,"Journal of African Earth Sciences 98, 47-71, 2014",Journal of African Earth Sciences,98,,4771
"Application of ASTER remote sensing data to geological mapping of basement domains in arid regions: a case study from the Central Anti-Atlas, Iguerda inlier, Morocco",2014,"Arabian Journal of Geosciences 7, 2407-2422, 2014",Arabian Journal of Geosciences,7,,24072422
"Modélisation magnétique de la suture ophiolitique de Bou Azzer–El Graara (Anti-Atlas central, Maroc). Implications sur la reconstitution géodynamique panafricaine",2006,"Comptes Rendus Geoscience 338 (3), 153-160, 2006",Comptes Rendus Geoscience,338,3,153160
"Effects of salt stress on growth, inorganic ions and proline accumulation in relation to osmotic adjustment in five sugar beet cultivars",2002,"Environmental and experimental Botany 47 (1), 39-50, 2002",Environmental and experimental Botany,47,1,3950
Effect of salinity on seed germination and early seedling growth of sugar beet (Beta vulgaris L.),2001,"Seed science and technology 29 (2), 357-364, 2001",Seed science and technology,29,2,357364
Phosphate solubilizing rhizobacteria could have a stronger influence on wheat root traits and aboveground physiology than rhizosphere P solubilization,2020,"Frontiers in plant science 11, 979, 2020",Frontiers in plant science,11,,979
"Growth and nodulation of alfalfa-rhizobia symbiosis under salinity: electrolyte leakage, stomatal conductance, and chlorophyll fluorescence",2014,"Turkish Journal of Agriculture and Forestry 38 (3), 320-326, 2014",Turkish Journal of Agriculture and Forestry,38,3,320326
Arbuscular mycorrhizal symbiosis enhanced growth and antioxidant metabolism in date palm subjected to long-term drought,2015,"Trees 29, 1725-1733, 2015",Trees,29,,17251733
Phosphate bacterial solubilization: A key rhizosphere driving force enabling higher P use efficiency and crop productivity,2022,"Journal of Advanced Research 38, 13-28, 2022",Journal of Advanced Research,38,,1328
Agro-physiological responses of Moroccan alfalfa (Medicago sativa L.) populations to salt stress during germination and early seedling stages,2011,"Seed Science and Technology 39 (2), 389-401, 2011",Seed Science and Technology,39,2,389401
Influence of arbuscular mycorrhizal fungi on the functional mechanisms associated with drought tolerance in carob (Ceratonia siliqua L.),2018,"Trees 32, 87-97, 2018",Trees,32,,8797
"Seed osmopriming improves plant growth, nodulation, chlorophyll fluorescence and nutrient uptake in alfalfa (Medicago sativa L.)–rhizobia symbiosis under drought stress",2016,"Scientia Horticulturae 213, 232-242, 2016",Scientia Horticulturae,213,,232242
"Low Soil Phosphorus Availability Increases Acid Phosphatases Activities and Affects P Partitioning in Nodules, Seeds and Rhizosphere of Phaseolus vulgaris",2012,"Agriculture 2 (2), 139-153, 2012",Agriculture,2,2,139153
Physiological and biochemical responses involved in water deficit tolerance of nitrogen-fixing Vicia faba,2017,"PLoS one 12 (12), e0190284, 2017",PLoS one,12,12,0190284
"Effects of water deficit on growth, nodulation and physiological and biochemical processes in Medicago sativa-rhizobia symbiotic association",2016,"Arid Land Research and Management 30 (2), 193-208, 2016",Arid Land Research and Management,30,2,193208
Changes in water deficit saturation and photosynthetic pigments of alfalfa populations under salinity and assessment of proline role in salt tolerance,2013,"Agric. Sci. Res. J 3 (1), 29-35, 2013",Agric. Sci. Res. J,3,1,2935
"Effect of salinity on nodulation, nitrogen fixation and growth of common bean (Phaseolus vulgaris) inoculated with rhizobial strains isolated from the Haouz region …",2011,"Symbiosis 55, 69-75, 2011",Symbiosis,55,,6975
Legume-based intercropping systems promote beneficial rhizobacterial community and crop yield under stressing conditions,2022,"Industrial Crops and Products 183, 114958, 2022",Industrial Crops and Products,183,,114958
Oxidative stress in the root nodules of Phaseolus vulgaris is induced under conditions of phosphorus deficiency,2013,"Acta Physiologiae Plantarum 35 (5), 1633-1644, 2013",Acta Physiologiae Plantarum,35,5,16331644
"Osmopriming improves seeds germination, growth, antioxidant responses and membrane stability during early stage of Moroccan alfalfa populations under water deficit",2016,"Chilean journal of agricultural research 76 (3), 265-272, 2016",Chilean journal of agricultural research,76,3,265272
"Growth, nutrients concentrations, and enzymes involved in plants nutrition of alfalfa populations under saline conditions",2014,"Journal of Agricultural Science and Technology (JAST) 16 (2), 301-314, 2014",Journal of Agricultural Science and Technology (JAST),16,2,301314
A phosphoenol pyruvate phosphatase transcript is induced in the root nodule cortex of Phaseolus vulgaris under conditions of phosphorus deficiency,2012,"Journal of experimental botany 63 (13), 4723-4730, 2012",Journal of experimental botany,63,13,47234730
Identification at the species and symbiovar levels of strains nodulating Phaseolus vulgaris in saline soils of the Marrakech region (Morocco) and analysis of the otsA gene …,2012,"Systematic and Applied Microbiology 35 (3), 156-164, 2012",Systematic and Applied Microbiology,35,3,156164
Rock phosphate-solubilizing Actinomycetes: screening for plant growth-promoting activities,2008,"World Journal of Microbiology and Biotechnology 24, 2565-2575, 2008",World Journal of Microbiology and Biotechnology,24,,25652575
Screening for rock phosphate solubilizing Actinomycetes from Moroccan phosphate mines,2008,"Applied soil ecology 38 (1), 12-19, 2008",Applied soil ecology,38,1,1219
Actinomycetes of Moroccan habitats: isolation and screening for antifungal activities,2001,"European Journal of Soil Biology 37 (2), 69-74, 2001",European Journal of Soil Biology,37,2,6974
Growth promotion and protection against damping-off of wheat by two rock phosphate solubilizing actinomycetes in a P-deficient soil under greenhouse conditions,2008,"Applied soil ecology 40 (3), 510-517, 2008",Applied soil ecology,40,3,510517
Exploiting biological nitrogen fixation: a route towards a sustainable agriculture,2020,"Plants 9 (8), 1011, 2020",Plants,9,8,1011
Early physiological responses of Arabidopsis thaliana cells to fusaric acid: toxic and signalling effects,2006,"New Phytologist 169 (1), 209-218, 2006",New Phytologist,169,1,209218
Characterization of rhizospheric soil streptomycetes from Moroccan habitats and their antimicrobial activities,2002,"World Journal of Microbiology and Biotechnology 18, 49-54, 2002",World Journal of Microbiology and Biotechnology,18,,4954
Antagonistic actinomycetes from Moroccan soil to control the grapevine gray mold,2009,"World Journal of Microbiology and Biotechnology 25, 81-91, 2009",World Journal of Microbiology and Biotechnology,25,,8191
From isolation of phosphate solubilizing microbes to their formulation and use as biofertilizers: status and needs,2020,"Frontiers in bioengineering and biotechnology 7, 425, 2020",Frontiers in bioengineering and biotechnology,7,,425
Actinobacteria from extreme niches in morocco and their plant growth-promoting potentials,2019,"Diversity 11 (8), 139, 2019",Diversity,11,8,139
Antimicrobial potential of actinomycetes isolated from the unexplored hot Merzouga desert and their taxonomic diversity,2019,"Biology open 8 (2), bio035410, 2019",Biology open,8,2,035410
The screening of potassium-and phosphate-solubilizing actinobacteria and the assessment of their ability to promote wheat growth parameters,2021,"Microorganisms 9 (3), 470, 2021",Microorganisms,9,3,470
Isolation and characterization of rock phosphate solubilizing actinobacteria from a Togolese phosphate mine,2012,"African Journal of Biotechnology 11 (2), 312, 2012",African Journal of Biotechnology,11,2,312
Potential role and utilization of plant growth promoting microbes in plant tissue culture,2021,"Frontiers in Microbiology 12, 649878, 2021",Frontiers in Microbiology,12,,649878
Physiological studies and comparative analysis of rock phosphate solubilization abilities of Actinomycetales originating from Moroccan phosphate mines and of Streptomyces lividans,2010,"Applied Soil Ecology 44 (1), 24-31, 2010",Applied Soil Ecology,44,1,2431
Chemical composition of essential oil of Jatropha curcas L. leaves and its antioxidant and antimicrobial activities,2018,"Industrial crops and products 121, 405-410, 2018",Industrial crops and products,121,,405410
A putative role for fusaric acid in biocontrol of the parasitic angiosperm Orobanche ramosa,2006,"Molecular plant-microbe interactions 19 (5), 550-556, 2006",Molecular plant-microbe interactions,19,5,550556
Efficacy of phosphate solubilizing Actinobacteria to improve rock phosphate agronomic effectiveness and plant growth promotion,2021,"Rhizosphere 17, 100284, 2021",Rhizosphere,17,,100284
Artemia salina as a new index for assessment of acute cytotoxicity during co-composting of sewage sludge and lignocellulose waste,2016,"Waste management 50, 194-200, 2016",Waste management,50,,194200
Purification of antibiotics from the biocontrol agent Streptomyces anulatus S37 by centrifugal partition chromatography,2014,"Journal of Chromatography B 944, 30-34, 2014",Journal of Chromatography B,944,,3034
Genetic structure and core collection of the World Olive Germplasm Bank of Marrakech: towards the optimised management and use of Mediterranean olive genetic resources,2011,"Genetica 139, 1083-1094, 2011",Genetica,139,,10831094
Induction of natural defence accompanied by salicylic acid-dependant systemic acquired resistance in tomato seedlings in response to bioelicitors isolated from green algae,2012,"Scientia Horticulturae 138, 55-63, 2012",Scientia Horticulturae,138,,5563
"Arbuscular Mycorrhizal Fungi Mediate Drought Tolerance and Recovery in Two Contrasting Carob (Ceratonia siliqua L.) Ecotypes by Regulating Stomatal, Water …",2020,"Plants 9 (1), 80, 2020",Plants,9,1,80
Cell wall-bound phenolic acid and lignin contents in date palm as related to its resistance to Fusarium oxysporum,2001,"Biologia plantarum 44 (1), 125-130, 2001",Biologia plantarum,44,1,125130
Induction of natural defense and protection against Penicillium expansum and Botrytis cinerea in apple fruit in response to bioelicitors isolated from green algae,2015,"Scientia Horticulturae 181, 121-128, 2015",Scientia Horticulturae,181,,121128
Seaweed polysaccharides as bio-elicitors of natural defenses in olive trees against verticillium wilt of olive,2018,"Journal of Plant Interactions 13 (1), 248-255, 2018",Journal of Plant Interactions,13,1,248255
Inoculation of Platanus acerifolia with Ceratocystis fimbriata f. sp. platani induces scopoletin and umbelliferone accumulation,1993,"Phytochemistry 34 (5), 1271-1276, 1993",Phytochemistry,34,5,12711276
Mechanisms of date palm resistance to Bayoud disease: Current state of knowledge and research prospects,2010,"Physiological and Molecular Plant Pathology 74 (5-6), 287-294, 2010",Physiological and Molecular Plant Pathology,74,56,287294
Phenolic compounds in date palm cultivars sensitive and resistant toFusarium oxysporum,1996,"Biologia Plantarum 38, 451-457, 1996",Biologia Plantarum,38,,451457
Changes in Cell Wall‐bound Phenolic Compounds and Lignin in Roots of Date Palm Cultivars Differing in Susceptibility to Fusarium oxysporum f. sp. albedinis,2000,"Journal of Phytopathology 148 (7-8), 405-411, 2000",Journal of Phytopathology,148,78,405411
Differential induction of phenylalanine ammonia-lyase activity in date palm roots in response to inoculation with Fusarium oxysporum f. sp. albedinis and to elicitation with …,2001,"Journal of Plant Physiology 158 (6), 715-722, 2001",Journal of Plant Physiology,158,6,715722
Physiological and biochemical traits of drought tolerance in Argania spinosa,2015,"Journal of Plant Interactions 10 (1), 252-261, 2015",Journal of Plant Interactions,10,1,252261
Changes in antioxidant activities and phenol content in tomato plants subjected to partial root drying and regulated deficit irrigation,2008,"Plant Biosystems-An International Journal Dealing with all Aspects of Plant …, 2008","Plant Biosystems-An International Journal Dealing with all Aspects of Plant …,",,,
Effect of arbuscular mycorrhizal fungi and phosphate-solubilizing bacteria consortia associated with phospho-compost on phosphorus solubilization and growth of tomato seedlings …,2020,"Communications in Soil Science and Plant Analysis 51 (5), 622-634, 2020",Communications in Soil Science and Plant Analysis,51,5,622634
"Leaf water status, osmoregulation and secondary metabolism as a model for depicting drought tolerance in Argania spinosa",2015,"Acta Physiologiae Plantarum 37, 1-16, 2015",Acta Physiologiae Plantarum,37,,116
Construction of a genetic linkage map for the olive based on AFLP and SSR markers,2010,"Crop science 50 (6), 2291-2302, 2010",Crop science,50,6,22912302
Assemblage of indigenous arbuscular mycorrhizal fungi and green waste compost enhance drought stress tolerance in carob (Ceratonia siliqua L.) trees,2021,"Scientific Reports 11 (1), 22835, 2021",Scientific Reports,11,1,22835
Use of alginate extracted from Moroccan brown algae to stimulate natural defense in date palm roots,2020,"Molecules 25 (3), 720, 2020",Molecules,25,3,720
Differential physiological and antioxidative responses to drought stress and recovery among four contrasting Argania spinosa ecotypes,2016,"Journal of Plant Interactions 11 (1), 30-40, 2016",Journal of Plant Interactions,11,1,3040
"Evaluation of the nutrients cycle, humification process, and agronomic efficiency of organic wastes composting enriched with phosphate sludge",2021,"Journal of Cleaner Production 302, 127051, 2021",Journal of Cleaner Production,302,,127051
Physico-chemical properties of nanocrystalline apatites: implications for biominerals and biomaterials,2007,"Materials Science and engineering: C 27 (2), 198-205, 2007",Materials Science and engineering: C,27,2,198205
Hydroxyapatite crystals as a local delivery system for cisplatin: adsorption and release of cisplatin in vitro,2002,"Journal of orthopaedic research 20 (2), 274-280, 2002",Journal of orthopaedic research,20,2,274280
"Removal of the herbicide 2, 4-dichlorophenoxyacetate from water to zinc–aluminium–chloride layered double hydroxides",2005,"Water Research 39 (15), 3441-3448, 2005",Water Research,39,15,34413448
Ion exchange of different phosphate ions into the zinc–aluminium–chloride layered double hydroxide,1999,"Materials Letters 38 (6), 391-395, 1999",Materials Letters,38,6,391395
Interactions of cisplatin with calcium phosphate nanoparticles: in vitro controlled adsorption and release,2004,"Journal of Orthopaedic Research 22 (4), 703-708, 2004",Journal of Orthopaedic Research,22,4,703708
"Preparation of a new stable hybrid material by chloride–2, 4-dichlorophenoxyacetate ion exchange into the zinc–aluminium–chloride layered double hydroxide",2000,"Journal of Materials Chemistry 10 (4), 1007-1011, 2000",Journal of Materials Chemistry,10,4,10071011
"Nuclear magnetic resonance spin‐spin relaxation of the crystals of bone, dental enamel, and synthetic hydroxyapatites",2002,"Journal of Bone and Mineral Research 17 (3), 472-480, 2002",Journal of Bone and Mineral Research,17,3,472480
"Nanocrystalline apatites in biological systems: characterisation, structure and properties",2007,"Materialwissenschaft und Werkstofftechnik: Entwicklung, Fertigung, Prüfung …, 2007","Materialwissenschaft und Werkstofftechnik: Entwicklung, Fertigung, Prüfung …,",,,
Influence of pH on the synthesis of the Zn-Al-nitrate layered double hydroxide and the exchange of nitrate by phosphate ions,1999,"Journal of materials science letters 18 (13), 1077-1080, 1999",Journal of materials science letters,18,13,10771080
"Infrared, Raman and NMR investigations of risedronate adsorption on nanocrystalline apatites",2014,"Journal of colloid and interface science 420, 101-111, 2014",Journal of colloid and interface science,420,,101111
Adsorption of catalase on hydroxyapatite,1998,"Journal of colloid and interface science 208 (1), 147-152, 1998",Journal of colloid and interface science,208,1,147152
Adsorption of O-phospho-L-serine and L-serine onto poorly crystalline apatite,2001,"Journal of Colloid and Interface Science 238 (1), 48-53, 2001",Journal of Colloid and Interface Science,238,1,4853
Use of the ion-exchange properties of layered double hydroxides for water purification,1998,"Collection of Czechoslovak chemical communications 63 (5), 732-740, 1998",Collection of Czechoslovak chemical communications,63,5,732740
Adsorption of bovine serum albumin on poorly crystalline apatite: influence of maturation,1999,"Materials research bulletin 34 (14-15), 2279-2289, 1999",Materials research bulletin,34,1415,22792289
Adsorption of succinylated lysozyme on hydroxyapatite,1997,"Journal of colloid and interface science 189 (1), 37-42, 1997",Journal of colloid and interface science,189,1,3742
Adsorption on apatitic calcium phosphates for drug delivery: interaction with bisphosphonate molecules,2014,"Journal of Materials Science: Materials in Medicine 25, 2373-2381, 2014",Journal of Materials Science: Materials in Medicine,25,,23732381
Removal of chromate ions from water by anionicc clays,1999,"Journal de Chimie Physique et de Physico-Chimie Biologique 96 (3), 455-463, 1999",Journal de Chimie Physique et de Physico-Chimie Biologique,96,3,455463
"Medical potentialities of biomimetic apatites through adsorption, ionic substitution, and mineral/organic associations: three illustrative examples",2010,"Advanced Engineering Materials 12 (7), B224-B233, 2010",Advanced Engineering Materials,12,7,224233
Chloride-hydrogenophosphate ion exchange into the zinc–aluminium–chloride layered double hydroxide,1998,"Materials chemistry and physics 52 (3), 235-239, 1998",Materials chemistry and physics,52,3,235239
Removal of pesticides from water by anionic clays,1999,"Journal de Chimie Physique et de Physico-Chimie Biologique 96 (3), 470-478, 1999",Journal de Chimie Physique et de Physico-Chimie Biologique,96,3,470478
Low cost biosorbent “banana peel” for the removal of phenolic compounds from olive mill wastewater: Kinetic and equilibrium studies,2009,"Journal of hazardous materials 166 (1), 117-125, 2009",Journal of hazardous materials,166,1,117125
Phenolic profile and antioxidant activities of olive mill wastewater,2011,"Food Chemistry 132 (1), 406–412, 2011",Food Chemistry,132,1,406412
Integrated direct contact membrane distillation for olive mill wastewater treatment,2013,"Desalination 323, 31-38, 2013",Desalination,323,,3138
Olive oil production sector: Environmental effects and sustainability challenges,2017,"Olive mill waste, 1-28, 2017","Olive mill waste,",128,,
Micellar enhanced ultrafiltration process for the treatment of olive mill wastewater,2011,"Water research 45 (15), 4522–4530, 2011",Water research,45,15,45224530
Concentration of olive mill wastewater by membrane distillation for polyphenols recovery,2009,"Desalination 245 (1-3), 670-674, 2009",Desalination,245,13,670674
Potential applications of olive mill wastewater as biopesticide for crops protection,2017,"Science of the Total Environment 576, 10-21, 2017",Science of the Total Environment,576,,1021
"Detailed study of Brazil nut (Bertholletia excelsa) oil micro-compounds: phospholipids, tocopherols and sterols",2008,"Journal of the Brazilian Chemical Society 19 (7), 1374-1380, 2008",Journal of the Brazilian Chemical Society,19,7,13741380
Membrane-based simultaneous degumming and deacidification of vegetable oils,2005,"Innovative Food Science & Emerging Technologies 6 (2), 203-212, 2005",Innovative Food Science & Emerging Technologies,6,2,203212
Treatment of olive mill wastewater by membrane distillation using polytetrafluoroethylene membranes,2012,"Separation and Purification Technology 98, 55–61, 2012",Separation and Purification Technology,98,,5561
Application of ultrafiltration for olive processing wastewaters treatment,2014,"Journal of Cleaner Production 65, 432-438, 2014",Journal of Cleaner Production,65,,432438
Chemical composition changes in four green olive cultivars during spontaneous fermentation,2014,"LWT-Food science and Technology 57 (2), 663-670, 2014",LWT-Food science and Technology,57,2,663670
Application of membrane distillation technology in the treatment of table olive wastewaters for phenolic compounds concentration and high quality water production,2014,"Chemical Engineering and Processing: Process Intensification 86, 153-161, 2014",Chemical Engineering and Processing: Process Intensification,86,,153161
Olive mill waste: recent advances for sustainable management,2016,"Academic Press, 2016","Academic Press,",,,
Treatment of crude olive mill wastewaters by osmotic distillation and osmotic membrane distillation,2013,"Separation and purification technology 104, 327-332, 2013",Separation and purification technology,104,,327332
Cloud point extraction of phenolic compounds from pretreated olive mill wastewater,2014,"Journal of Environmental Chemical Engineering 2 (3), 1480-1486, 2014",Journal of Environmental Chemical Engineering,2,3,14801486
Removal of phenolic compounds from olive mill wastewater by adsorption onto wheat bran,2014,"DESALINATION AND WATER TREATMENT 52 (13-15), 2875-2885, 2014",DESALINATION AND WATER TREATMENT,52,1315,28752885
Assessment of the antioxidant and antibacterial activities of different olive processing wastewaters,2017,"PLoS One 12 (9), e0182622, 2017",PLoS One,12,9,0182622
Effect of maturity and environmental conditions on chemical composition of olive oils of introduced cultivars in Morocco,2019,"Journal of Food Quality 2019, 1-14, 2019",Journal of Food Quality,2019,,114
Molecular characterization and genetic relationships among most common identified morphotypes of critically endangered rare Moroccan species Argania spinosa (Sapotaceae) using …,2008,"Annals of Forest Science 65 (8), 1, 2008",Annals of Forest Science,65,8,1
Challenges for drought assessment in the Mediterranean region under future climate scenarios,2020,"Earth-Science Reviews 210, 103348, 2020",Earth-Science Reviews,210,,103348
Assessment of soil contamination around an abandoned mine in a semi-arid environment using geochemistry and geostatistics: pre-work of geochemical process modeling with …,2013,"Journal of Geochemical Exploration 125, 117-129, 2013",Journal of Geochemical Exploration,125,,117129
An integrated modelling and remote sensing approach for hydrological study in arid and semi‐arid regions: the SUDMED Programme,2008,"International Journal of Remote Sensing 29 (17-18), 5161-5181, 2008",International Journal of Remote Sensing,29,1718,51615181
Assessment of daily MODIS snow cover products to monitor snow cover dynamics over the Moroccan Atlas mountain range,2015,"Remote Sensing of Environment 160, 72-86, 2015",Remote Sensing of Environment,160,,7286
"Climate change impacts on surface water resources in the Rheraya catchment (High Atlas, Morocco)",2017,"Hydrological sciences journal 62 (6), 979-995, 2017",Hydrological sciences journal,62,6,979995
Remote sensing of water resources in semi-arid Mediterranean areas: The joint international laboratory TREMA,2015,"International Journal of Remote Sensing 36 (19-20), 4879-4917, 2015",International Journal of Remote Sensing,36,1920,48794917
Different sensitivities of snowpacks to warming in Mediterranean climate mountain areas,2017,"Environmental Research Letters 12 (7), 074006, 2017",Environmental Research Letters,12,7,074006
Evaluation of the snowmelt runoff model in the Moroccan High Atlas Mountains using two snow-cover estimates,2009,"Hydrological sciences journal 54 (6), 1094-1113, 2009",Hydrological sciences journal,54,6,10941113
Earth Observation products for operational irrigation management in the context of the PLEIADeS project,2010,"Agricultural water management 98 (2), 271-282, 2010",Agricultural water management,98,2,271282
Evaluation of TRMM 3B42 V7 Rainfall Product over the Oum Er Rbia Watershed in Morocco,2017,"Climate 5 (1), 2017",Climate,5,1,
Future scenarios of surface water resources availability in North African dams,2018,"Water Resources Management 32, 1291-1306, 2018",Water Resources Management,32,,12911306
Citrus orchard evapotranspiration: comparison between eddy covariance measurements and the FAO-56 approach estimates,2009,"Plant Biosystems 143 (1), 201-208, 2009",Plant Biosystems,143,1,201208
A combined high and low spatial resolution approach for mapping snow covered areas in the Atlas mountains,2005,"International Journal of Remote Sensing 26 (13), 2755-2777, 2005",International Journal of Remote Sensing,26,13,27552777
GIS-based environmental database for assessing the mine pollution: A case study of an abandoned mine site in Morocco,2014,"Journal of Geochemical Exploration 144, 468-477, 2014",Journal of Geochemical Exploration,144,,468477
Evaluation of satellite-based rainfall products for hydrological modelling in Morocco,2016,"Hydrological sciences journal 61 (14), 2509-2519, 2016",Hydrological sciences journal,61,14,25092519
Trends in flow intermittence for European rivers,2021,"Hydrological Sciences Journal 66 (1), 37-49, 2021",Hydrological Sciences Journal,66,1,3749
Energy fluxes and melt rate of a seasonal snow cover in the Moroccan High Atlas,2016,"Hydrological Sciences Journal 61 (5), 931-943, 2016",Hydrological Sciences Journal,61,5,931943
Long-term analysis of snow-covered area in the Moroccan High-Atlas through remote sensing,2010,"International Journal of Applied Earth Observation and Geoinformation 12 …, 2010",International Journal of Applied Earth Observation and Geoinformation,12,,
Isotopic signatures for the assessment of snow water resources in the Moroccan high Atlas mountains: contribution to surface and groundwater recharge,2016,"Environmental Earth Sciences 75, 1-11, 2016",Environmental Earth Sciences,75,,111
Effect of digital elevation model resolution on the simulation of the snow cover evolution in the High Atlas,2019,"Water Resources Research 55 (7), 5360-5378, 2019",Water Resources Research,55,7,53605378
"An efficient and reusable heterogeneous catalyst animal bone meal for facile synthesis of benzimidazoles, benzoxazoles, and benzothiazoles",2011,"Tetrahedron letters 52 (27), 3492-3495, 2011",Tetrahedron letters,52,27,34923495
Removal of two textile dyes from aqueous solutions onto calcined bones,2013,"Journal of the Association of Arab Universities for Basic and Applied …, 2013","Journal of the Association of Arab Universities for Basic and Applied …,",,,
Use of response factorial design for process optimization of basic dye adsorption onto activated carbon derived from Persea species,2017,"Microchemical Journal 130, 129-136, 2017",Microchemical Journal,130,,129136
"Calcined eggshells as a new biosorbent to remove basic dye from aqueous solutions: thermodynamics, kinetics, isotherms and error analysis",2014,"Journal of the Taiwan Institute of Chemical Engineers 45 (4), 1578-1587, 2014",Journal of the Taiwan Institute of Chemical Engineers,45,4,15781587
"Removal of Basic Fuchsin dye from water using mussel shell biomass waste as an adsorbent: Equilibrium, kinetics, and thermodynamics",2016,"Journal of Taibah University for Science 10 (5), 664-674, 2016",Journal of Taibah University for Science,10,5,664674
Calcined mussel shells as a new and eco-friendly biosorbent to remove textile dyes from aqueous solutions,2014,"Journal of the Taiwan Institute of Chemical Engineers 45 (2), 533-540, 2014",Journal of the Taiwan Institute of Chemical Engineers,45,2,533540
Use of Fenton reagent as advanced oxidative process for removing textile dyes from aqueous solutions,2014,"J Mater Environ Sci 5 (3), 667-674, 2014",J Mater Environ Sci,5,3,667674
Removal of a cationic dye–Basic Red 12–from aqueous solution by adsorption onto animal bone meal,2012,"Journal of the Association of Arab Universities for Basic and Applied …, 2012","Journal of the Association of Arab Universities for Basic and Applied …,",,,
Assessment of the biosorption kinetic and thermodynamic for the removal of safranin dye from aqueous solutions using calcined mussel shells,2014,"Journal of Industrial and Engineering Chemistry 20 (2), 717-724, 2014",Journal of Industrial and Engineering Chemistry,20,2,717724
Animal bone meal as an efficient catalyst for crossed-aldol condensation,2010,"Tetrahedron Letters 51 (51), 6715-6717, 2010",Tetrahedron Letters,51,51,67156717
Experimental and theoretical study using DFT method for the competitive adsorption of two cationic dyes from wastewaters,2016,"Applied Surface Science 390, 311-319, 2016",Applied Surface Science,390,,311319
Evaluation of potential capability of calcined bones on the biosorption removal efficiency of safranin as cationic dye from aqueous solutions,2013,"Journal of the Taiwan Institute of Chemical Engineers 44 (1), 13-18, 2013",Journal of the Taiwan Institute of Chemical Engineers,44,1,1318
Insight into adsorption mechanism of Congo red dye onto Bombax Buonopozense bark Activated-carbon using Central composite design and DFT studies,2021,"Surfaces and interfaces 23, 100977, 2021",Surfaces and interfaces,23,,100977
Potential use of activated carbon derived from Persea species under alkaline conditions for removing cationic dye from wastewaters,2017,"Journal of the Association of Arab Universities for Basic and Applied …, 2017","Journal of the Association of Arab Universities for Basic and Applied …,",,,
Competitive adsorption and optimization of binary mixture of textile dyes: A factorial design analysis,2017,"Journal of the Association of Arab Universities for Basic and Applied …, 2017","Journal of the Association of Arab Universities for Basic and Applied …,",,,
Removal of a cationic dye-Methylene Blue-from aqueous media by the use of animal bone meal as a new low cost adsorbent,2011,"J. Mater. Environ. Sci 2 (1), 77-87, 2011",J. Mater. Environ. Sci,2,1,7787
Removal of Basic Blue 41 dyes using Persea americana-activated carbon prepared by phosphoric acid action,2017,"International Journal of Industrial Chemistry 8, 187-195, 2017",International Journal of Industrial Chemistry,8,,187195
"Selective and competitive removal of three basic dyes from single, binary and ternary systems in aqueous solutions: A combined experimental and theoretical study",2020,"Journal of Saudi Chemical Society 24 (7), 527-544, 2020",Journal of Saudi Chemical Society,24,7,527544
Adsorptive removal of anionic dye from aqueous solutions using powdered and calcined vegetables wastes as low-cost adsorbent,2018,"Arab Journal of Basic and Applied Sciences 25 (3), 93-102, 2018",Arab Journal of Basic and Applied Sciences,25,3,93102
Evaluation of performance of animal bone meal as a new low cost adsorbent for the removal of a cationic dye Rhodamine B from aqueous solutions,2016,"Journal of Saudi Chemical Society 20, S53-S59, 2016",Journal of Saudi Chemical Society,20,,5359
Molecular identification of commercialized medicinal plants in Southern Morocco,2012,"PloS one 7 (6), e39459, 2012",PloS one,7,6,39459
"Chemical composition, antioxidant and antimicrobial activities of essential oils obtained from wild and cultivated Moroccan Thymus species",2013,"Industrial Crops and Products 43, 450-456, 2013",Industrial Crops and Products,43,,450456
Chemical characterization and antifungal activities of four Thymus species essential oils against postharvest fungal pathogens of citrus,2016,"Industrial Crops and Products 86, 95-101, 2016",Industrial Crops and Products,86,,95101
"Salt stress effects on germination, growth and essential oil content of an endemic thyme species in Morocco (Thymus maroccanus Ball.).",2009,"Journal of applied sciences research, 858-863, 2009","Journal of applied sciences research,",858863,,
Physico-chemical characterization and effects of olive oil mill wastewaters fertirrigation on growth of some mediterranean crops,2004,"Agronomy Journal 3, 247-254, 2004",Agronomy Journal,3,,247254
Chemical Composition and Antioxidant and Anticandidal Activities of Essential Oils from Different Wild Moroccan Thymus Species,2012,"Chemistry & biodiversity 9 (6), 1188-1197, 2012",Chemistry & biodiversity,9,6,11881197
Antioxidant activity and evidence for synergism of Cannabis sativa (L.) essential oil with antimicrobial standards,2019,"Industrial Crops and Products 137, 396-400, 2019",Industrial Crops and Products,137,,396400
Phenological changes to the chemical composition and biological activity of the essential oil from Moroccan endemic thyme (Thymus maroccanus Ball),2013,"Industrial Crops and Products 49, 366-372, 2013",Industrial Crops and Products,49,,366372
Antioxidative activity and synergistic effect of Thymus saturejoides Coss. essential oils with cefixime against selected food-borne bacteria,2014,"Industrial Crops and Products 61, 338-344, 2014",Industrial Crops and Products,61,,338344
"Assessment of the Food Habits of the Moroccan Dorcas Gazelle in M’Sabih Talaa, West Central Morocco, Using the trnL Approach",2012,"PLoS One 7 (4), e35643, 2012",PLoS One,7,4,35643
DNA barcoding reveals limited accuracy of identifications based on folk taxonomy,2014,"PLoS One 9 (1), e84291, 2014",PLoS One,9,1,84291
"Essential oil composition, antioxidant and antibacterial activities of wild and cultivated Lavandula mairei Humbert",2018,"Biochemical Systematics and Ecology 76, 1-7, 2018",Biochemical Systematics and Ecology,76,,17
Botanical identification of medicinal roots collected and traded in Morocco and comparison to the existing literature,2013,"Journal of ethnobiology and ethnomedicine 9 (1), 1-13, 2013",Journal of ethnobiology and ethnomedicine,9,1,113
Comparative evaluation of antioxidant and insecticidal properties of essential oils from five Moroccan aromatic herbs,2015,"Journal of food science and technology 52, 2312-2319, 2015",Journal of food science and technology,52,,23122319
Species substitution in medicinal roots and possible implications for toxicity of herbal remedies in Morocco,2012,"Economic botany 66, 370-382, 2012",Economic botany,66,,370382
Chenopodium ambrosioides var. ambrosioides used in Moroccan traditional medicine can enhance the antimicrobial activity of conventional antibiotics,2015,"Industrial Crops and products 71, 37-43, 2015",Industrial Crops and products,71,,3743
Germination responses of the Mediterranean saltbush (Atriplex halimus L.) to NaCl treatment,2004,"Journal of Agronomy (Pakistan) 3 (2), 2004",Journal of Agronomy (Pakistan),3,2,
Chemical Characterization and Insecticidal Properties of Essential Oils from Different Wild Populations of Mentha suaveolens subsp. timija (Briq.) Harley from …,2015,"Chemistry & Biodiversity 12 (5), 823-831, 2015",Chemistry & Biodiversity,12,5,823831
"Chemical composition, antioxidant and insecticidal properties of essential oils from wild and cultivated Salvia aucheri subsp. blancoana (Webb. & Helder)), an endemic …",2014,"Industrial Crops and Products 57, 106-109, 2014",Industrial Crops and Products,57,,106109
"Chemical composition, antimicrobial activities and synergistic effects of essential oil from Senecio anteuphorbium, a Moroccan endemic plant",2019,"Industrial crops and products 130, 310-315, 2019",Industrial crops and products,130,,310315
"Glyphosate based-herbicide exposure affects gut microbiota, anxiety and depression-like behaviors in mice",2018,"Neurotoxicology and teratology 67, 44-49, 2018",Neurotoxicology and teratology,67,,4449
"Effects of single cage housing on stress, cognitive, and seizure parameters in the rat and mouse pilocarpine models of epilepsy",2019,"Eneuro 6 (4), 2019",Eneuro,6,4,
The absence of melanopsin alters retinal clock function and dopamine regulation by light,2013,"Cellular and molecular life sciences 70, 3435-3447, 2013",Cellular and molecular life sciences,70,,34353447
Behavioral and immunohistochemical study of the effects of subchronic and chronic exposure to glyphosate in mice,2017,"Frontiers in Behavioral Neuroscience 11, 146, 2017",Frontiers in Behavioral Neuroscience,11,,146
Learning and memory impairments associated to acetylcholinesterase inhibition and oxidative stress following glyphosate based-herbicide exposure in mice,2019,"Toxicology 415, 18-25, 2019",Toxicology,415,,1825
Evaluation of the developmental toxicity of the aqueous extract from Trigonella foenum-graecum (L.) in mice,2010,"Journal of ethnopharmacology 131 (2), 321-325, 2010",Journal of ethnopharmacology,131,2,321325
"Anti-inflammatory, Antinociceptive, and Antioxidant Activities of Methanol and Aqueous Extracts of Anacyclus pyrethrum Roots",2017,"Frontiers in pharmacology 8, 598, 2017",Frontiers in pharmacology,8,,598
Neonatal 6-OHDA lesion model in mouse induces Attention-Deficit/Hyperactivity Disorder (ADHD)-like behaviour,2018,"Scientific reports 8 (1), 15349, 2018",Scientific reports,8,1,15349
Pre-and postnatal exposure to glyphosate-based herbicide causes behavioral and cognitive impairments in adult mice: Evidence of cortical ad hippocampal dysfunction,2020,"Archives of toxicology 94, 1703-1723, 2020",Archives of toxicology,94,,17031723
Distribution of GABA immunoreactive systems in the forebrain and midbrain of the chameleon,1991,"Brain research bulletin 26 (6), 891-898, 1991",Brain research bulletin,26,6,891898
Role of the calcium modulated cyclases in the development of the retinal projections,2006,"European Journal of Neuroscience 24 (12), 3401-3414, 2006",European Journal of Neuroscience,24,12,34013414
Existence of a GnRH immunoreactive nucleus in the dorsal midbrain tegmentum of the chameleon,1989,"General and comparative endocrinology 75 (2), 195-203, 1989",General and comparative endocrinology,75,2,195203
Existence of a GnRH immunoreactive nucleus in the dorsal midbrain tegmentum of the chameleon,1989,"General and comparative endocrinology 75 (2), 195-203, 1989",General and comparative endocrinology,75,2,195203
Mice lacking Period 1 and Period 2 circadian clock genes exhibit blue cone photoreceptor defects,2013,"European Journal of Neuroscience 37 (7), 1048-1060, 2013",European Journal of Neuroscience,37,7,10481060
Sensorimotor cortex projections to the ventrolateral and the dorsomedial medulla oblongata in the rat,1993,"Neuroscience letters 164 (1-2), 195-198, 1993",Neuroscience letters,164,12,195198
"The distribution of 5-HT immunoreactive systems in the brain of a saurian, the chameleon.",1990,"Journal fur Hirnforschung 31 (5), 563-574, 1990",Journal fur Hirnforschung,31,5,563574
The developmental neurobehavioral effects of fenugreek seeds on prenatally exposed mice,2012,"Journal of ethnopharmacology 139 (2), 672-677, 2012",Journal of ethnopharmacology,139,2,672677
Diabetic retinopathy alters light-induced clock gene expression and dopamine levels in the mouse retina,2016,"Molecular vision 22, 959, 2016",Molecular vision,22,,959
Behavioral and cognitive changes after early postnatal lesions of the rat mediodorsal thalamus,2015,"Behavioural brain research 292, 219-232, 2015",Behavioural brain research,292,,219232
Clock genes and behavioral responses to light are altered in a mouse model of diabetic retinopathy,2014,"PLoS One 9 (7), e101584, 2014",PLoS One,9,7,101584
Microstructure and physical properties of lime-clayey adobe bricks,2008,"Construction and Building Materials 22 (12), 2386-2392, 2008",Construction and Building Materials,22,12,23862392
Mineralogy and firing characteristics of a clay from the valley of Ourika (Morocco),2002,"Applied Clay Science 21 (3-4), 203-212, 2002",Applied Clay Science,21,34,203212
Removal of methylene blue from aqueous solution by fibrous clay minerals,2006,"Journal of hazardous materials 135 (1-3), 188-192, 2006",Journal of hazardous materials,135,13,188192
Adsorption of methylene blue and zinc ions on raw and acid-activated bentonite from Morocco,2009,"Applied Clay Science 46 (4), 418-421, 2009",Applied Clay Science,46,4,418421
Chemical and mineralogical characterization of a clay taken from the Moroccan Meseta and a study of the interaction between its fine fraction and methylene blue,2001,"applied clay science 20 (1-2), 1-12, 2001",applied clay science,20,12,112
Phosphate sludge: thermal transformation and use as lightweight aggregate material,2013,"Journal of environmental management 130, 354-360, 2013",Journal of environmental management,130,,354360
"Physical properties, microstructure and mineralogy of termite mound material considered as construction materials",2011,"Applied Clay Science 52 (1-2), 160-164, 2011",Applied Clay Science,52,12,160164
A Chloritic-illitic clay from Morocco: Temperature–time–transformation and neoformation,2009,"Applied Clay Science 45 (1-2), 83-89, 2009",Applied Clay Science,45,12,8389
Effects of two mixtures of kaolin-talc-bauxite and firing temperatures on the characteristics of cordierite-based ceramics,2016,"Journal of Building Engineering 8, 99-106, 2016",Journal of Building Engineering,8,,99106
Effects of some processing factors on technical properties of a clay-based ceramic material,2012,"Applied Clay Science 65, 106-113, 2012",Applied Clay Science,65,,106113
Cement-lateritic gravels mixtures: Microstructure and strength characteristics,2008,"Construction and building materials 22 (10), 2078-2086, 2008",Construction and building materials,22,10,20782086
Sintering mechanism and ceramic phases of an illitic–chloritic raw clay,2006,"Journal of the European Ceramic Society 26 (1-2), 161-167, 2006",Journal of the European Ceramic Society,26,12,161167
Effects of the experimental factors on the microstructure and the properties of cured alkali-activated heated clay,2015,"Applied Clay Science 116, 202-210, 2015",Applied Clay Science,116,,202210
Influence of NaOH concentration on microstructure and properties of cured alkali-activated calcined clay,2017,"Journal of Building Engineering 11, 158-165, 2017",Journal of Building Engineering,11,,158165
Evaluation of the simultaneous effects of firing cycle parameters on technological properties and ceramic suitability of a raw clay using the response surface methodology,2006,"Journal of the American Ceramic Society 89 (5), 1563-1567, 2006",Journal of the American Ceramic Society,89,5,15631567
"A calcareous clay from Tamesloht (Al Haouz, Morocco): Properties and thermal transformations",2011,"Applied clay science 51 (4), 507-510, 2011",Applied clay science,51,4,507510
Clay-calcite mixes: sintering and phase formation,2004,"British ceramic transactions 103 (1), 29-32, 2004",British ceramic transactions,103,1,2932
Dendrimers and hyper-branched polymers interacting with clays: fruitful associations for functional materials,2019,"Journal of Materials Chemistry A 7 (34), 19634-19650, 2019",Journal of Materials Chemistry A,7,34,1963419650
Microstructural characterisation and physical properties of cured thermally activated clay-lime blends,2012,"Construction and Building Materials 26 (1), 226-232, 2012",Construction and Building Materials,26,1,226232
Microstructural characterization and influence of manufacturing parameters on technological properties of vitreous ceramic materials,2010,"Materials characterization 61 (3), 289-295, 2010",Materials characterization,61,3,289295
Experimental and theoretical study of a humidification-dehumidification water desalination system using solar energy,2004,"Desalination 168, 151-159, 2004",Desalination,168,,151159
Experimental and numerical study of an earth-to-air heat exchanger for air cooling in a residential building in hot semi-arid climate,2016,"Energy and Buildings 125, 109-121, 2016",Energy and Buildings,125,,109121
Thermomechanical characterization of a bio-composite building material: Mortar reinforced with date palm fibers mesh,2017,"Construction and Building Materials 135, 241-250, 2017",Construction and Building Materials,135,,241250
Laminar mixed convection of humid air in a vertical channel with evaporation or condensation at the wall,2004,"International Journal of Thermal Sciences 43 (6), 531-539, 2004",International Journal of Thermal Sciences,43,6,531539
Moisture content influence on the thermal conductivity of insulating building materials made from date palm fibers mesh,2017,"Construction and Building Materials 148, 811-823, 2017",Construction and Building Materials,148,,811823
Buoyancy effects on upward and downward laminar mixed convection heat and mass transfer in a vertical channel,2007,"International Journal of Numerical Methods for Heat & Fluid Flow, 2007","International Journal of Numerical Methods for Heat & Fluid Flow,",,,
Experimental and numerical study of mixed convection heat and mass transfer in a vertical channel with film evaporation,2011,"International Journal of Thermal Sciences 50 (6), 942-953, 2011",International Journal of Thermal Sciences,50,6,942953
Thermal performance assessment of passive techniques integrated into a residential building in semi-arid climate,2017,"Energy and Buildings 143, 1-16, 2017",Energy and Buildings,143,,116
Stability and thermal conductivity enhancement of aqueous nanofluid based on surfactant-modified TiO2,2019,"Journal of Dispersion Science and Technology, 2019","Journal of Dispersion Science and Technology,",,,
Preparation and characterization of nano‐enhanced myristic acid using metal oxide nanoparticles for thermal energy storage,2019,"International journal of energy research 43 (14), 8592-8607, 2019",International journal of energy research,43,14,85928607
Energy performances of a passive building in Marrakech: parametric study,2013,"Energy procedia 42, 624-632, 2013",Energy procedia,42,,624632
Experimental assessment of thermal performance of three passive cooling techniques for roofs in a semi-arid climate,2018,"Energy and Buildings 164, 153-164, 2018",Energy and Buildings,164,,153164
Flow reversal in combined laminar mixed convection heat and mass transfer with phase change in a vertical channel,2010,"International journal of heat and fluid flow 31 (4), 711-721, 2010",International journal of heat and fluid flow,31,4,711721
Thermal characterization of a Tunisian gypsum plaster as construction material,2013,"Energy Procedia 42, 680-688, 2013",Energy Procedia,42,,680688
Thermal behavior and energy saving analysis of a flat with different energy efficiency measures in six climates,2018,"Building Simulation 11 (6), 1123-1144, 2018",Building Simulation,11,6,11231144
A numerical study of the longitudinal thermoconvective rolls in a mixed convection flow in a horizontal channel with a free surface,2013,"International journal of heat and fluid flow 42, 265-277, 2013",International journal of heat and fluid flow,42,,265277
Mixed Convection Heat and Mass Transfer with Phase Change and Flow Reversal in Channels,2011,"Chap. in Book ""Mass transfer in multiphase systems and its applications …, 2011","Chap. in Book ""Mass transfer in multiphase systems and its applications …,",,,
Combined buoyancy effects of thermal and mass diffusion on laminar convection in a vertical isothermal channel,2010,"Computational Thermal Sciences: An International Journal 2 (2), 2010",Computational Thermal Sciences: An International Journal,2,2,
Analysis for thermal behavior and energy savings of a semi-detached house with different insulation strategies in a hot semi-arid climate,2017,"Journal of Green Building 12 (1), 78-106, 2017",Journal of Green Building,12,1,78106
Mechanical and thermophysical properties of compressed earth brick rienforced by raw and treated doum fibers,2022,"Construction and Building Materials 318, 126031, 2022",Construction and Building Materials,318,,126031
Composition of pseudo almost periodic functions and Cauchy problems with operator of non dense domain,1999,"Annales Mathématiques Blaise Pascal 6 (1), 1-11, 1999",Annales Mathématiques Blaise Pascal,6,1,111
Feedback stabilization of a class of evolution equations with delay,2009,"Journal of Evolution Equations 9, 103-121, 2009",Journal of Evolution Equations,9,,103121
Almost periodicity of inhomogeneous parabolic evolution equations,2019,"Evolution equations, 299-318, 2019","Evolution equations,",299318,,
Almost periodic solutions to some semilinear non-autonomous thermoelastic plate equations,2009,"Journal of Mathematical Analysis and Applications 349 (1), 74-84, 2009",Journal of Mathematical Analysis and Applications,349,1,7484
Almost automorphic solutions for hyperbolic semilinear evolution equations,2005,"Semigroup Forum 71, 231-240, 2005",Semigroup Forum,71,,231240
Null controllability of degenerate parabolic cascade systems,2011,"Portugaliae Mathematica 68 (3), 345-367, 2011",Portugaliae Mathematica,68,3,345367
Null controllability for parabolic equations with dynamic boundary conditions,2017,"Evol. Equ. Control Theory 6 (3), 381-407, 2017",Evol. Equ. Control Theory,6,3,381407
Linear delay equations in the Lp-context,2019,"Evolution equations, 319-330, 2019","Evolution equations,",319330,,
Lipschitz stability for linear parabolic systems with interior degeneracy,2014,"Electron. J. Differential Equations 2014, 1-26, 2014",Electron. J. Differential Equations,2014,,126
Carleman estimates and null controllability of coupled degenerate systems,2011,"arXiv preprint arXiv:1111.3665, 2011",arXiv preprint arXiv:,11113665,,
Almost automorphy of semilinear parabolic evolution equations.,2008,"Electronic Journal of Differential Equations (EJDE)[electronic only] 2008 …, 2008",Electronic Journal of Differential Equations (EJDE)[electronic only],2008,,
Existence and uniqueness of C (n)-almost periodic solutions to some ordinary differential equations,2007,"Nonlinear Analysis: Theory, Methods & Applications 66 (9), 1899-1910, 2007","Nonlinear Analysis: Theory, Methods & Applications",66,9,18991910
Carleman estimates for parabolic equations with interior degeneracy and Neumann boundary conditions,2018,"Journal d'Analyse Mathématique 135, 1-35, 2018",Journal d'Analyse Mathématique,135,,135
Null controllability of a model in population dynamics,2014,"Electronic journal of differential equations 2014 (240), 1-20, 2014",Electronic journal of differential equations,2014,240,120
Extrapolation and inhornogeneous retarded differential equations on infinite dimensional spaces,1998,"Rendiconti del Circolo Matematico di Palermo 47, 331-346, 1998",Rendiconti del Circolo Matematico di Palermo,47,,331346
Regularity properties of perturbed Hille-Yosida operators and retarded differential equations,2001,"Semigroup Forum 64, 55-70, 2001",Semigroup Forum,64,,5570
Controllability of semilinear boundary problems with nonlocal initial conditions,2006,"Journal of mathematical analysis and applications 316 (2), 566-578, 2006",Journal of mathematical analysis and applications,316,2,566578
Null controllability of a population dynamics with degenerate diffusion,2013,,,,,
The asymptotic behavior of a population equation with diffusion and delayed birth process,2007,"Discrete and Continuous Dynamical Systems-B 7 (4), 735-754, 2007",Discrete and Continuous Dynamical Systems-B,7,4,735754
Existence and asymptotic behavior of solutions of semilinear Cauchy problems with non dense domain via extrapolation spaces,2000,"Rendiconti del Circolo Matematico di Palermo 49, 481-496, 2000",Rendiconti del Circolo Matematico di Palermo,49,,481496
Improved mechanical properties of k-carrageenan-based nanocomposite films reinforced with cellulose nanocrystals,2019,"International Journal of Biological Macromolecules 123, 1248-1256, 2019",International Journal of Biological Macromolecules,123,,12481256
Synthesis and Toxicity of Graphene Oxide Nanoparticles: A Literature Review of In Vitro and In Vivo Studies,2021,"BioMed Research International 2021, 19 pages, 2021",BioMed Research International,2021,,19
"Adsorption of crystal violet onto an agricultural waste residue: kinetics, isotherm, thermodynamics, and mechanism of adsorption",2020,"The Scientific World Journal 2020, 2020",The Scientific World Journal,2020,,
"Accumulation and toxicological effects of cadmium, copper and zinc on the growth and photosynthesis of the freshwater diatom Planothidium lanceolatum (Brébisson) Lange-Bertalot",2012,"Journal of Materials and Environmental Science 3 (3), 2012",Journal of Materials and Environmental Science,3,3,
Machine learning algorithms for efficient water quality prediction,2022,"Modeling Earth Systems and Environment 8 (2), 2793-2801, 2022",Modeling Earth Systems and Environment,8,2,27932801
Reuse of treated wastewater in agriculture: solving water deficit problems in arid areas,2014,"Annals of West University of Timisoara: Series of Biology 17 (2), 2014",Annals of West University of Timisoara: Series of Biology,17,2,
Antidiabetic potential of Caralluma europaea against alloxan-induced diabetes in mice,2019,"Saudi journal of biological sciences 26 (6), 1171-1178, 2019",Saudi journal of biological sciences,26,6,11711178
Composites with alginate beads: A novel design of nano-adsorbents impregnation for large-scale continuous flow wastewater treatment pilots,2020,"Saudi Journal of Biological Sciences 27 (10), 2499-2508, 2020",Saudi Journal of Biological Sciences,27,10,24992508
Impact of fertilization by natural manure on the microbial quality of soil: Mo-lecular Approach,2017,"Saudi Journal of Biological Sciences 24 (6), 1437-1443, 2017",Saudi Journal of Biological Sciences,24,6,14371443
Biotechnological approach of greywater treatment and reuse for landscape irrigation in small communities,2019,"Saudi journal of biological sciences 26 (1), 83-90, 2019",Saudi journal of biological sciences,26,1,8390
Assessment of biogas and biofertilizer produced from anaerobic co-digestion of olive mill wastewater with municipal wastewater and cow dung,2020,"Environmental Technology & Innovation 20, 101152, 2020",Environmental Technology & Innovation,20,,101152
Effect of plasticizers on physicochemical properties of cellulose nanocrystals filled alginate bionanocomposite films,2018,"Advances in Polymer Technology 37 (8), 3171-3185, 2018",Advances in Polymer Technology,37,8,31713185
Review on cow manure as renewable energy,2020,"Smart Village Technology: Concepts and Developments, 341-352, 2020","Smart Village Technology: Concepts and Developments,",341352,,
Inhibiting effect of textile wastewater on the activity of sludge from the biological treatment process of the activated sludge plant,2019,"Saudi Journal of biological sciences 26 (7), 1753-1757, 2019",Saudi Journal of biological sciences,26,7,17531757
Inoculation with selected indigenous mycorrhizal complex improves Ceratonia siliqua’s growth and response to drought stress,2021,"Saudi Journal of Biological Sciences 28 (1), 825-832, 2021",Saudi Journal of Biological Sciences,28,1,825832
Characteristics of cellulose microfibers and nanocrystals isolated from doum tree (Chamaerops humilis var. argentea),2021,"Cellulose 28, 4089-4103, 2021",Cellulose,28,,40894103
Engineering of highly Brachychiton populneus shells@ polyaniline bio-sorbent for efficient removal of pesticides from wastewater: Optimization using BBD-RSM approach,2022,"Journal of Molecular Liquids 346, 117092, 2022",Journal of Molecular Liquids,346,,117092
Pathogens evolution during the composting of the household waste mixture enriched with phosphate residues and olive oil mill wastewater,2020,"Waste and Biomass Valorization 11, 1789-1797, 2020",Waste and Biomass Valorization,11,,17891797
"Can the application of graphene oxide contribute to the fight against COVID-19? Antiviral activity, diagnosis and prevention",2021,"Current Research in Pharmacology and Drug Discovery 2 (100062), 2021",Current Research in Pharmacology and Drug Discovery,2,100062,
Therapeutic potential of polyphenols in the management of diabetic neuropathy,2021,"Evidence-Based Complementary and Alternative Medicine 2021, 1-20, 2021",Evidence-Based Complementary and Alternative Medicine,2021,,120
